[
    {
        "id": "ld1-1643381040022-1643381062844-1",
        "title": "Whole-Cloth Quilt",
        "link": "http://n2t.net/ark:/65665/vk7e9026378-af25-4994-83c8-ebabf1410709",
        "decade": 1770,
        "date": "ca. 1775",
        "size": "53 1/2 × 39 in. (135.9 × 99.1 cm)",
        "widthstr": "53",
        "heightstr": "39",
        "qwidth": 53,
        "qheight": 39,
        "imgLink": "https://ids.si.edu/ids/deliveryService?id=SAAM-1998.149.1_1",
        "type": "Quilts"
    },
    {
        "id": "ld1-1643381040022-1643381062850-1",
        "title": "Pieced Quilt (one Patch on Patch)",
        "link": "http://n2t.net/ark:/65665/vk74e686676-e0d5-4629-9850-fea811666a3b",
        "decade": 1830,
        "date": "ca. 1830",
        "size": "94 1/2 × 75 in. (240.0 × 190.5 cm)",
        "widthstr": "94",
        "heightstr": "75",
        "qwidth": 94,
        "qheight": 75,
        "imgLink": "https://ids.si.edu/ids/deliveryService?id=SAAM-1998.149.11_1",
        "type": "Quilts"
    },
    {
        "id": "ld1-1643381040022-1643381062849-0",
        "title": "Whole-Cloth Quilt",
        "link": "http://n2t.net/ark:/65665/vk75dcd5b8c-d08a-4b2b-bcbc-f8d0f1fba031",
        "decade": 1820,
        "date": "ca. 1825",
        "size": "109 1/2 × 105 in. (278.1 × 266.7 cm)",
        "widthstr": "109",
        "heightstr": "105",
        "qwidth": 109,
        "qheight": 105,
        "imgLink": "https://ids.si.edu/ids/deliveryService?id=SAAM-1998.149.8_1",
        "type": "Quilts"
    },
    {
        "id": "ld1-1643381040022-1643381062846-0",
        "title": "Pieced Quilt (Strips)",
        "link": "http://n2t.net/ark:/65665/vk7dceab7d2-4ccd-4363-ac93-e5753d17bae8",
        "decade": 1800,
        "date": "ca. 1800",
        "size": "93 3/8 × 86 1/2 in. (237.1 × 219.7 cm)",
        "widthstr": "93",
        "heightstr": "86 1/2",
        "qwidth": 93,
        "qheight": 86,
        "imgLink": "https://ids.si.edu/ids/deliveryService?id=SAAM-1998.149.3_1",
        "type": "Quilts"
    },
    {
        "id": "ld1-1643381040022-1643381062848-0",
        "title": "Whole-cloth Quilt",
        "link": "http://n2t.net/ark:/65665/vk75544627a-08b7-4d7d-bcd7-5aba1cfa8f9f",
        "decade": 1820,
        "date": "ca. 1820",
        "size": "94 1/2 × 91 in. (240.0 × 231.1 cm)",
        "widthstr": "94",
        "heightstr": "91",
        "qwidth": 94,
        "qheight": 91,
        "imgLink": "https://ids.si.edu/ids/deliveryService?id=SAAM-1998.149.7_1",
        "type": "Quilts"
    },
    {
        "id": "ld1-1643381040022-1643381062861-0",
        "title": "Pieced quilt (Variable Star)",
        "link": "http://n2t.net/ark:/65665/vk75432cb66-d91d-488b-8b40-417aed912209",
        "decade": 1840,
        "date": "ca. 1840",
        "size": "86 1/2 × 85 in. (219.7 × 215.9 cm)",
        "widthstr": "86",
        "heightstr": "85",
        "qwidth": 86,
        "qheight": 85,
        "imgLink": "https://ids.si.edu/ids/deliveryService?id=SAAM-1998.149.27_1",
        "type": "Quilts"
    },
    {
        "id": "ld1-1643381040022-1643381069437-1",
        "title": "Crazy Quilt",
        "link": "http://n2t.net/ark:/65665/vk78f60c84b-c049-4f8c-be50-9d34ac149be3",
        "decade": 1920,
        "date": "ca. 1901-1929",
        "size": "73 1/2 × 58 1/2 in. (186.7 × 148.6 cm)",
        "widthstr": "73",
        "heightstr": "58 1/2",
        "qwidth": 73,
        "qheight": 58,
        "imgLink": "https://ids.si.edu/ids/deliveryService?id=SAAM-2017.24.35_1",
        "type": "Quilts"
    },
    {
        "id": "ld1-1643381040022-1643381069437-0",
        "title": "Fan Crazy Quilt",
        "link": "http://n2t.net/ark:/65665/vk7cb559317-055c-4d35-9e90-78eac6ef70ea",
        "decade": 1890,
        "date": "1894",
        "size": "72 1/2 × 63 in. (184.2 × 160.0 cm)",
        "widthstr": "72",
        "heightstr": "63",
        "qwidth": 72,
        "qheight": 63,
        "imgLink": "https://ids.si.edu/ids/deliveryService?id=SAAM-2017.24.34_1",
        "type": "Quilts"
    },
    {
        "id": "ld1-1643381040022-1643381062851-0",
        "title": "Pieced Quilt (Nine Patch Variation on Point)",
        "link": "http://n2t.net/ark:/65665/vk7a52fb3a8-3896-4d39-9e85-91b90f1d54a4",
        "decade": 1830,
        "date": "ca. 1830",
        "size": "103 x 80 in. (261.6 x 203.2 cm)",
        "widthstr": "103",
        "heightstr": "80",
        "qwidth": 103,
        "qheight": 80,
        "imgLink": "https://ids.si.edu/ids/deliveryService?id=SAAM-1998.149.12_1",
        "type": "Quilts"
    },
    {
        "id": "ld1-1643381040022-1643381068958-1",
        "title": "Untitled (Tied Crazy Quilt with Embroidered \"Dolly\")",
        "link": "http://n2t.net/ark:/65665/vk76f929e77-198f-48ef-bac7-3946c903dc60",
        "decade": 1920,
        "date": "1920s",
        "size": "82 × 67 in. (208.3 × 170.2 cm)",
        "widthstr": "82",
        "heightstr": "67",
        "qwidth": 82,
        "qheight": 67,
        "imgLink": "https://ids.si.edu/ids/deliveryService?id=SAAM-2016.5.50_1",
        "type": "Quilts"
    },
    {
        "id": "ld1-1643381040022-1643381068966-0",
        "title": "Untitled (String Quilt, Housetop Pattern)",
        "link": "http://n2t.net/ark:/65665/vk796a94ed7-f531-44c2-8688-8587cab450dd",
        "decade": 1930,
        "date": "1930s",
        "size": "77 × 66 in. (195.6 × 167.6 cm)",
        "widthstr": "77",
        "heightstr": "66",
        "qwidth": 77,
        "qheight": 66,
        "imgLink": "https://ids.si.edu/ids/deliveryService?id=SAAM-2016.5.44_1",
        "type": "Quilts"
    },
    {
        "id": "ld1-1643381040022-1643381068969-1",
        "title": "Untitled (String Quilt)",
        "link": "http://n2t.net/ark:/65665/vk7626dffbc-55fa-4a49-ab30-0750ed00a68e",
        "decade": 1920,
        "date": "1910 - 1920",
        "size": "76 × 62 in. (193 × 157.5 cm)",
        "widthstr": "76",
        "heightstr": "62",
        "qwidth": 76,
        "qheight": 62,
        "imgLink": "https://ids.si.edu/ids/deliveryService?id=SAAM-2016.5.42_1",
        "type": "Quilts"
    },
    {
        "id": "ld1-1643381040022-1643381068969-0",
        "title": "Untitled (String Quilt, Bow Tie Pattern)",
        "link": "http://n2t.net/ark:/65665/vk7d62be830-cec9-4a46-acf7-25c6e4b0f751",
        "decade": 1930,
        "date": "1930s",
        "size": "68 1/2 × 75 in. (174.0 × 190.5 cm)",
        "widthstr": "68",
        "heightstr": "75",
        "qwidth": 68,
        "qheight": 75,
        "imgLink": "https://ids.si.edu/ids/deliveryService?id=SAAM-2016.5.43_1",
        "type": "Quilts"
    },
    {
        "id": "ld1-1643381040022-1643381068955-1",
        "title": "Untitled (Strip Quilt with Suiting)",
        "link": "http://n2t.net/ark:/65665/vk7b58a32db-b0cc-4ca4-80e2-ff02d4665605",
        "decade": 1930,
        "date": "1930s",
        "size": "65 × 74 in. (165.1 × 188.0 cm)",
        "widthstr": "65",
        "heightstr": "74",
        "qwidth": 65,
        "qheight": 74,
        "imgLink": "https://ids.si.edu/ids/deliveryService?id=SAAM-2016.5.45_1",
        "type": "Quilts"
    },
    {
        "id": "ld1-1643381040022-1643381068953-1",
        "title": "Untitled (String Quilt with Bars)",
        "link": "http://n2t.net/ark:/65665/vk7160328bc-e374-48fa-a57f-1152f723f8e9",
        "decade": 1940,
        "date": "1930s - 1940s",
        "size": "71 × 69 in. (180.3 × 175.3 cm)",
        "widthstr": "71",
        "heightstr": "69",
        "qwidth": 71,
        "qheight": 69,
        "imgLink": "https://ids.si.edu/ids/deliveryService?id=SAAM-2016.5.36_1",
        "type": "Quilts"
    },
    {
        "id": "ld1-1643381040022-1643381062852-1",
        "title": "Pieced Quilt (Nine Patch Variation on Point)",
        "link": "http://n2t.net/ark:/65665/vk74a409303-4457-4649-bdb2-f6b492123f76",
        "decade": 1830,
        "date": "ca. 1830",
        "size": "88 × 84 in. (223.5 × 213.4 cm)",
        "widthstr": "88",
        "heightstr": "84",
        "qwidth": 88,
        "qheight": 84,
        "imgLink": "https://ids.si.edu/ids/deliveryService?id=SAAM-1998.149.14_1",
        "type": "Quilts"
    },
    {
        "id": "ld1-1643381040022-1643381062854-0",
        "title": "Pieced Quilt (Nine Patch Variation)",
        "link": "http://n2t.net/ark:/65665/vk7252c1327-1454-4007-adf7-7577e509a4ed",
        "decade": 1830,
        "date": "ca. 1830",
        "size": "103 x 98 1/2 in. (261.6 × 250.2 cm)",
        "widthstr": "103",
        "heightstr": "98 1/2",
        "qwidth": 103,
        "qheight": 98,
        "imgLink": "https://ids.si.edu/ids/deliveryService?id=SAAM-1998.149.16_1",
        "type": "Quilts"
    },
    {
        "id": "ld1-1643381040022-1643381068962-0",
        "title": "Untitled (String Quilt with White Cross)",
        "link": "http://n2t.net/ark:/65665/vk7718be5a0-b2b5-4d5b-afc4-aa904dff6ed0",
        "decade": 1940,
        "date": "1930s - 1940s",
        "size": "82 × 68 in. (208.3 × 172.7 cm)",
        "widthstr": "82",
        "heightstr": "68",
        "qwidth": 82,
        "qheight": 68,
        "imgLink": "https://ids.si.edu/ids/deliveryService?id=SAAM-2016.5.38_1",
        "type": "Quilts"
    },
    {
        "id": "ld1-1643381040022-1643381068957-1",
        "title": "Untitled (String Quilt with X Pattern)",
        "link": "http://n2t.net/ark:/65665/vk71524c822-a32d-4d41-bd3c-8a40d7d83f21",
        "decade": 1940,
        "date": "1930s - 1940s",
        "size": "92 × 76 in. (233.7 × 193.0 cm)",
        "widthstr": "92",
        "heightstr": "76",
        "qwidth": 92,
        "qheight": 76,
        "imgLink": "https://ids.si.edu/ids/deliveryService?id=SAAM-2016.5.39_1",
        "type": "Quilts"
    },
    {
        "id": "ld1-1643381040022-1643381068945-0",
        "title": "Untitled (String Quilt)",
        "link": "http://n2t.net/ark:/65665/vk7d7497923-ba67-45b4-bab9-6cc84befc31d",
        "decade": 1940,
        "date": "1940s",
        "size": "78 × 67 in. (198.1 × 170.2 cm)",
        "widthstr": "78",
        "heightstr": "67",
        "qwidth": 78,
        "qheight": 67,
        "imgLink": "https://ids.si.edu/ids/deliveryService?id=SAAM-2016.5.40_1",
        "type": "Quilts"
    },
    {
        "id": "ld1-1643381040022-1643381062845-0",
        "title": "Appliqued Quilt (Center Medallion)",
        "link": "http://n2t.net/ark:/65665/vk7d3abfafa-b0df-43ff-b927-a529e1e6246f",
        "decade": 1820,
        "date": "ca. 1790-1820",
        "size": "112 × 111 1/2 in. (284.5 × 283.2 cm)",
        "widthstr": "112",
        "heightstr": "111 1/2",
        "qwidth": 112,
        "qheight": 111,
        "imgLink": "https://ids.si.edu/ids/deliveryService?id=SAAM-1998.149.2_1",
        "type": "Quilts"
    },
    {
        "id": "ld1-1643381040022-1643381068952-0",
        "title": "Untitled (String Quilt)",
        "link": "http://n2t.net/ark:/65665/vk7f60216a0-b12c-4683-8ef4-5dd29e380564",
        "decade": 1920,
        "date": "1920s",
        "size": "86 × 66 in. (218.4 × 167.6 cm)",
        "widthstr": "86",
        "heightstr": "66",
        "qwidth": 86,
        "qheight": 66,
        "imgLink": "https://ids.si.edu/ids/deliveryService?id=SAAM-2016.5.41_1",
        "type": "Quilts"
    },
    {
        "id": "ld1-1643381040022-1643381062852-0",
        "title": "Pieced Quilt (Strips with Four Patch on Point)",
        "link": "http://n2t.net/ark:/65665/vk7d246163b-55ef-4e21-bf27-98da39af2d87",
        "decade": 1820,
        "date": "ca. 1825",
        "size": "98 × 96 1/4 in. (248.9 × 244.5 cm)",
        "widthstr": "98",
        "heightstr": "96 1/4",
        "qwidth": 98,
        "qheight": 96,
        "imgLink": "https://ids.si.edu/ids/deliveryService?id=SAAM-1998.149.13_1",
        "type": "Quilts"
    },
    {
        "id": "ld1-1643381040022-1643381070188-1",
        "title": "Collamer Methodist Church Members Quilt",
        "link": "http://n2t.net/ark:/65665/vk71d6eae38-a2b7-4603-b1ee-cbee14c9f1fa",
        "decade": 1900,
        "date": "late 19th century",
        "size": "76 1/2 in. × 87 in. (194.3 × 221 cm)",
        "widthstr": "76",
        "heightstr": "87",
        "qwidth": 76,
        "qheight": 87,
        "imgLink": null,
        "type": "Quilts"
    },
    {
        "id": "ld1-1643381040022-1643381068975-1",
        "title": "Untitled (Controlled Crazy Quilt)",
        "link": "http://n2t.net/ark:/65665/vk77a894f57-9e1b-4044-a18c-e6705b20e47f",
        "decade": 1900,
        "date": "ca. 1900-1920",
        "size": "approx. 80 × 80 in. (203.2 × 203.2 cm)",
        "widthstr": "approx.",
        "heightstr": ". 80 × 80",
        "qwidth": null,
        "qheight": null,
        "imgLink": null,
        "type": "Quilts"
    },
    {
        "id": "ld1-1643381040022-1643381062853-0",
        "title": "Pieced Quilt (Honeycomb)",
        "link": "http://n2t.net/ark:/65665/vk7a3eaf04e-c103-40a3-857f-31fe8d7b4620",
        "decade": 1830,
        "date": "ca. 1830",
        "size": "58 x 57 3/4 in. (147.3 x 146.7 cm)",
        "widthstr": "58",
        "heightstr": "57 3/4",
        "qwidth": 58,
        "qheight": 57,
        "imgLink": "https://ids.si.edu/ids/deliveryService?id=SAAM-1998.149.15_1",
        "type": "Quilts"
    },
    {
        "id": "ld1-1643381040022-1643381069384-0",
        "title": "Untitled (Baby quilt, \"Double Nine Patch\")",
        "link": "http://n2t.net/ark:/65665/vk79c367418-1da8-4b44-9984-9e234f883bb6",
        "decade": 1880,
        "date": "ca. 1890",
        "size": "cotton and wool",
        "widthstr": "cotton",
        "heightstr": "Unknown",
        "qwidth": null,
        "qheight": "Unknown",
        "imgLink": "https://ids.si.edu/ids/deliveryService?id=SAAM-2016.57.2_1",
        "type": "Quilts"
    },
    {
        "id": "ld1-1643381040022-1643381069383-1",
        "title": "Untitled (Child's quilt)",
        "link": "http://n2t.net/ark:/65665/vk74af5ecb5-4f67-4b06-8920-20f80161594e",
        "decade": 1920,
        "date": "ca. 1930",
        "size": "cotton and wool",
        "widthstr": "cotton",
        "heightstr": "Unknown",
        "qwidth": null,
        "qheight": "Unknown",
        "imgLink": "https://ids.si.edu/ids/deliveryService?id=SAAM-2016.57.1_1",
        "type": "Quilts"
    },
    {
        "id": "ld1-1643381040022-1643381062660-0",
        "title": "Whaler's Quilt",
        "link": "http://n2t.net/ark:/65665/vk7b859a8d3-c42a-44ab-8408-b99af20b7395",
        "decade": 1990,
        "date": "n.d.",
        "size": "92 3/4 x 80 5/8 in. (235.6 x 204.7 cm)",
        "widthstr": "92",
        "heightstr": "80 5/8",
        "qwidth": 92,
        "qheight": 80,
        "imgLink": "https://ids.si.edu/ids/deliveryService?id=SAAM-1998.84.60_1",
        "type": "Quilts"
    },
    {
        "id": "ld1-1643381040022-1643381062856-1",
        "title": "Pieced Quilt (Nine Patch)",
        "link": "http://n2t.net/ark:/65665/vk7bb534736-ef4d-4f5a-8d32-ae3360728d5e",
        "decade": 1830,
        "date": "ca. 1835",
        "size": "111 × 106 in. (281.9 × 269.2 cm)",
        "widthstr": "111",
        "heightstr": "106",
        "qwidth": 111,
        "qheight": 106,
        "imgLink": "https://ids.si.edu/ids/deliveryService?id=SAAM-1998.149.20_1",
        "type": "Quilts"
    },
    {
        "id": "ld1-1643381040022-1643381062660-1",
        "title": "48-State Quilt",
        "link": "http://n2t.net/ark:/65665/vk7eccd063b-a34e-4dfd-87fe-7a99e093054e",
        "decade": 1900,
        "date": "20th century",
        "size": "64 1/8 x 77 in. (162.8 x 195.6 cm)",
        "widthstr": "64",
        "heightstr": "77",
        "qwidth": 64,
        "qheight": 77,
        "imgLink": "https://ids.si.edu/ids/deliveryService?id=SAAM-1998.84.61_1",
        "type": "Quilts"
    },
    {
        "id": "ld1-1643381040022-1643381062863-0",
        "title": "Pieced quilt (Ohio Star)",
        "link": "http://n2t.net/ark:/65665/vk71f1bb475-2574-4f45-8375-6bdcf1b192e3",
        "decade": 1840,
        "date": "ca. 1845",
        "size": "82 1/2 × 70 1/4 in. (209.6 × 178.4 cm)",
        "widthstr": "82",
        "heightstr": "70 1/4",
        "qwidth": 82,
        "qheight": 70,
        "imgLink": "https://ids.si.edu/ids/deliveryService?id=SAAM-1998.149.30_1",
        "type": "Quilts"
    },
    {
        "id": "ld1-1643381040022-1643381068706-0",
        "title": "Mennonite Quilt with Embroidered Flowers",
        "link": "http://n2t.net/ark:/65665/vk7c3466dfe-f970-4a3a-9b52-6aa2046f82c8",
        "decade": 1880,
        "date": "ca. 1880",
        "size": "78 x 74 in. (198.1 x 188.0 cm)",
        "widthstr": "78",
        "heightstr": "74",
        "qwidth": 78,
        "qheight": 74,
        "imgLink": "https://ids.si.edu/ids/deliveryService?id=SAAM-2013.67.16_1",
        "type": "Quilts"
    },
    {
        "id": "ld1-1643381040022-1643381062869-1",
        "title": "Unfinished quilt top (honeycomb)",
        "link": "http://n2t.net/ark:/65665/vk77d3e1f21-0fb8-4e84-9828-be8bb6fcdb39",
        "decade": 1840,
        "date": "ca. 1840s",
        "size": "diameter at longest point: 36 in. (91.4 cm)",
        "widthstr": "diameter",
        "heightstr": "Unknown",
        "qwidth": null,
        "qheight": "Unknown",
        "imgLink": "https://ids.si.edu/ids/deliveryService?id=SAAM-1998.149.41_1",
        "type": "Quilts"
    },
    {
        "id": "ld1-1643381040022-1643381069384-1",
        "title": "Untitled (Child's quilt, \"Pinwheel\")",
        "link": "http://n2t.net/ark:/65665/vk77803ee53-7446-4800-b6db-9676d83243d9",
        "decade": 1840,
        "date": "ca. 1845-1850",
        "size": "40 × 39 in. (101.6 × 99.1 cm)",
        "widthstr": "40",
        "heightstr": "39",
        "qwidth": 40,
        "qheight": 39,
        "imgLink": "https://ids.si.edu/ids/deliveryService?id=SAAM-2016.57.3_1",
        "type": "Quilts"
    },
    {
        "id": "ld1-1643381040022-1643381062861-1",
        "title": "Pieced quilt (Pinwheel)",
        "link": "http://n2t.net/ark:/65665/vk7afa5e0d8-e746-4eb1-a2ea-2714c9cb134f",
        "decade": 1840,
        "date": "1840 (pieced); 1849",
        "size": "41 × 40 in. (104.1 × 101.6 cm)",
        "widthstr": "41",
        "heightstr": "40",
        "qwidth": 41,
        "qheight": 40,
        "imgLink": "https://ids.si.edu/ids/deliveryService?id=SAAM-1998.149.28_1",
        "type": "Quilts"
    },
    {
        "id": "ld1-1643381040022-1643381062865-1",
        "title": "Pieced quilt (Strips)",
        "link": "http://n2t.net/ark:/65665/vk7c1a9735b-48a3-4341-b3f2-85db489c1c74",
        "decade": 1840,
        "date": "ca. 1845-1850",
        "size": "87 × 86 in. (221.0 × 218.4 cm)",
        "widthstr": "87",
        "heightstr": "86",
        "qwidth": 87,
        "qheight": 86,
        "imgLink": "https://ids.si.edu/ids/deliveryService?id=SAAM-1998.149.34_1",
        "type": "Quilts"
    },
    {
        "id": "ld1-1643381040022-1643381062859-0",
        "title": "Pieced Quilt (Lady of the Lake)",
        "link": "http://n2t.net/ark:/65665/vk779cfed8a-aec2-425e-9bda-f1c8971515e0",
        "decade": 1840,
        "date": "ca. 1840",
        "size": "100 × 99 1/2 in. (254.0 × 252.7 cm)",
        "widthstr": "100",
        "heightstr": "99 1/2",
        "qwidth": 100,
        "qheight": 99,
        "imgLink": "https://ids.si.edu/ids/deliveryService?id=SAAM-1998.149.24_1",
        "type": "Quilts"
    },
    {
        "id": "ld1-1643381040022-1643381062863-1",
        "title": "Pieced quilt (Nine Patch on Point)",
        "link": "http://n2t.net/ark:/65665/vk7c8513d5a-52b7-4278-9bd5-4a62bd14ebb2",
        "decade": 1840,
        "date": "ca. 1845",
        "size": "95 × 85 1/2 in. (241.3 × 217.2 cm)",
        "widthstr": "95",
        "heightstr": "85 1/2",
        "qwidth": 95,
        "qheight": 85,
        "imgLink": "https://ids.si.edu/ids/deliveryService?id=SAAM-1998.149.31_1",
        "type": "Quilts"
    },
    {
        "id": "ld1-1643381040022-1643381062865-0",
        "title": "Pieced quilt (Flying Geese)",
        "link": "http://n2t.net/ark:/65665/vk7ef13b675-8a78-4517-884c-0e0020eacc52",
        "decade": 1840,
        "date": "ca. 1845-1850",
        "size": "103 1/2 × 99 in. (262.9 × 251.5 cm)",
        "widthstr": "103",
        "heightstr": "99",
        "qwidth": 103,
        "qheight": 99,
        "imgLink": "https://ids.si.edu/ids/deliveryService?id=SAAM-1998.149.33_1",
        "type": "Quilts"
    },
    {
        "id": "ld1-1643381040022-1643381062864-0",
        "title": "Pieced quilt (Delectable Mountains Variation)",
        "link": "http://n2t.net/ark:/65665/vk723fccb04-15cb-4343-aa02-307a4e251e3b",
        "decade": 1840,
        "date": "ca. 1845",
        "size": "109 × 107 in. (276.9 × 271.8 cm)",
        "widthstr": "109",
        "heightstr": "107",
        "qwidth": 109,
        "qheight": 107,
        "imgLink": "https://ids.si.edu/ids/deliveryService?id=SAAM-1998.149.32_1",
        "type": "Quilts"
    },
    {
        "id": "ld1-1643381040022-1643381062857-0",
        "title": "Pieced Quilt (Bricks)",
        "link": "http://n2t.net/ark:/65665/vk715e4fa28-27b3-4f5b-b20a-42a661e807df",
        "decade": 1830,
        "date": "ca. 1835",
        "size": "94 × 83 in. (238.8 × 210.8 cm)",
        "widthstr": "94",
        "heightstr": "83",
        "qwidth": 94,
        "qheight": 83,
        "imgLink": "https://ids.si.edu/ids/deliveryService?id=SAAM-1998.149.21_1",
        "type": "Quilts"
    },
    {
        "id": "ld1-1643381040022-1643381066047-0",
        "title": "Pieced Quilt",
        "link": "http://n2t.net/ark:/65665/vk774707221-80dd-40e4-bcee-ae0fa20eedcd",
        "decade": 1860,
        "date": "1861",
        "size": "83 1/8 × 69 in. (211.2 × 175.2 cm)",
        "widthstr": "83",
        "heightstr": "69",
        "qwidth": 83,
        "qheight": 69,
        "imgLink": "https://ids.si.edu/ids/deliveryService?id=SAAM-2004.15.1_1",
        "type": "Quilts"
    },
    {
        "id": "ld1-1643381040022-1643381066047-1",
        "title": "Pieced Quilt",
        "link": "http://n2t.net/ark:/65665/vk7f6ead6ae-340d-4070-bd24-b277576c92b5",
        "decade": 1850,
        "date": "1859",
        "size": "85 1/2 × 76 3/4 in. (217.1 × 195.0 cm)",
        "widthstr": "85",
        "heightstr": "76 3/4",
        "qwidth": 85,
        "qheight": 76,
        "imgLink": "https://ids.si.edu/ids/deliveryService?id=SAAM-2004.15.2_1",
        "type": "Quilts"
    },
    {
        "id": "ld1-1643381040022-1643381062859-1",
        "title": "Pieced and appliqued quilt (Sunburst Variation)",
        "link": "http://n2t.net/ark:/65665/vk7c82dc4d8-68da-427b-b679-06feb2460240",
        "decade": 1840,
        "date": "ca. 1840",
        "size": "108 x 96 in. (274.3 x 243.8 cm)",
        "widthstr": "108",
        "heightstr": "96",
        "qwidth": 108,
        "qheight": 96,
        "imgLink": "https://ids.si.edu/ids/deliveryService?id=SAAM-1998.149.25_1-000001",
        "type": "Quilts"
    },
    {
        "id": "ld1-1643381040022-1643381068707-1",
        "title": "Fan Quilt",
        "link": "http://n2t.net/ark:/65665/vk773bcd87b-0791-4d56-8be0-37f2fcaf49b7",
        "decade": 1930,
        "date": "ca. 1940s",
        "size": "51 x 38 in. (129.5 x 96.5 cm)",
        "widthstr": "51",
        "heightstr": "38",
        "qwidth": 51,
        "qheight": 38,
        "imgLink": "https://ids.si.edu/ids/deliveryService?id=SAAM-2013.67.19_1",
        "type": "Quilts"
    },
    {
        "id": "ld1-1643381040022-1643381062854-1",
        "title": "Pieced Quilt (Sixteen Patch on Point)",
        "link": "http://n2t.net/ark:/65665/vk7c7afbe77-c62c-4b3b-ae78-3452115cd8cb",
        "decade": 1830,
        "date": "ca. 1830",
        "size": "114 × 104 in. (289.6 × 264.2 cm)",
        "widthstr": "114",
        "heightstr": "104",
        "qwidth": 114,
        "qheight": 104,
        "imgLink": "https://ids.si.edu/ids/deliveryService?id=SAAM-1998.149.17_1",
        "type": "Quilts"
    },
    {
        "id": "ld1-1643381040022-1643381064355-0",
        "title": "Amish Crazy Quilt",
        "link": "http://n2t.net/ark:/65665/vk7ac76662d-4a96-4c0f-8407-2ffedad03500",
        "decade": 1920,
        "date": "1910-1920",
        "size": "80 7/8 x 62 1/4 in. (205.4 x 158.2 cm)",
        "widthstr": "80",
        "heightstr": "62 1/4",
        "qwidth": 80,
        "qheight": 62,
        "imgLink": "https://ids.si.edu/ids/deliveryService?id=SAAM-2000.78_1",
        "type": "Quilts"
    },
    {
        "id": "ld1-1643381040022-1643381062858-0",
        "title": "Pieced and appliqued Quilt (Sunflower Variation)",
        "link": "http://n2t.net/ark:/65665/vk7deaa72ec-0f60-4fdf-9f25-1c5d5fa52d36",
        "decade": 1840,
        "date": "ca. 1840",
        "size": "82 3/4 × 81 in. (210.2 × 205.7 cm)",
        "widthstr": "82",
        "heightstr": "81",
        "qwidth": 82,
        "qheight": 81,
        "imgLink": "https://ids.si.edu/ids/deliveryService?id=SAAM-1998.149.23_1",
        "type": "Quilts"
    },
    {
        "id": "ld1-1643381040022-1643381062860-0",
        "title": "Pieced Quilt (Friendship Sampler Strips)",
        "link": "http://n2t.net/ark:/65665/vk75e77aa57-d23c-49cc-82b0-f079b968e058",
        "decade": 1840,
        "date": "1843",
        "size": "109 × 94 1/2 in. (276.9 × 240.0 cm)",
        "widthstr": "109",
        "heightstr": "94 1/2",
        "qwidth": 109,
        "qheight": 94,
        "imgLink": "https://ids.si.edu/ids/deliveryService?id=SAAM-1998.149.26_1",
        "type": "Quilts"
    },
    {
        "id": "ld1-1643381040022-1643381062856-0",
        "title": "Appliqued Quilt (Center Medallion)",
        "link": "http://n2t.net/ark:/65665/vk79e363cc9-a7c9-461b-8dd9-aebe571ce241",
        "decade": 1840,
        "date": "ca. 1840",
        "size": "87 1/4 × 86 in. (221.6 × 218.4 cm)",
        "widthstr": "87",
        "heightstr": "86",
        "qwidth": 87,
        "qheight": 86,
        "imgLink": "https://ids.si.edu/ids/deliveryService?id=SAAM-1998.149.19_1",
        "type": "Quilts"
    },
    {
        "id": "ld1-1643381040022-1643381062862-0",
        "title": "Pieced and appliqued Friendship Quilt top (Hickory Leaf Variation)",
        "link": "http://n2t.net/ark:/65665/vk7fcbb9fcf-134a-4681-925f-8870bc67a752",
        "decade": 1840,
        "date": "1843-1845",
        "size": "87 × 86 in. (221.0 × 218.4 cm)",
        "widthstr": "87",
        "heightstr": "86",
        "qwidth": 87,
        "qheight": 86,
        "imgLink": "https://ids.si.edu/ids/deliveryService?id=SAAM-1998.149.29_1",
        "type": "Quilts"
    },
    {
        "id": "ld1-1643381040022-1643381062295-1",
        "title": "Compass Rose Patchwork Quilt",
        "link": "http://n2t.net/ark:/65665/vk773901a3c-7473-4578-b150-9ae34ede7f0b",
        "decade": 1900,
        "date": "ca. 1850-1900",
        "size": "86 1/8 x 70 3/4 x 1/4 in. (218.8 x 179.7 x 0.5 cm.)",
        "widthstr": "86",
        "heightstr": "70 3/4",
        "qwidth": 86,
        "qheight": 70,
        "imgLink": "https://ids.si.edu/ids/deliveryService?id=SAAM-1998.8.3_1",
        "type": "Quilts"
    },
    {
        "id": "ld1-1643381040022-1643381062847-0",
        "title": "Appliqued Quilt (Center Medallion)",
        "link": "http://n2t.net/ark:/65665/vk78a7cb804-b0d7-48c9-bcc5-90af98ebb2d4",
        "decade": 1810,
        "date": "1818",
        "size": "84 × 79 in. (213.4 × 200.7 cm)",
        "widthstr": "84",
        "heightstr": "79",
        "qwidth": 84,
        "qheight": 79,
        "imgLink": "https://ids.si.edu/ids/deliveryService?id=SAAM-1998.149.5_1",
        "type": "Quilts"
    },
    {
        "id": "ld1-1643381040022-1643381062295-0",
        "title": "Crazy Quilt",
        "link": "http://n2t.net/ark:/65665/vk7bf3e6998-944e-47df-8cf3-6a77de9c9a45",
        "decade": 1880,
        "date": "1889",
        "size": "90 5/8 x 75 1/2 x 1/4 in. (230.1 x 191.8 x 0.6 cm.)",
        "widthstr": "90",
        "heightstr": "75 1/2",
        "qwidth": 90,
        "qheight": 75,
        "imgLink": "https://ids.si.edu/ids/deliveryService?id=SAAM-1998.8.2_1",
        "type": "Quilts"
    },
    {
        "id": "ld1-1643381040022-1643381055541-1",
        "title": "Fan Quilt, Mt. Carmel",
        "link": "http://n2t.net/ark:/65665/vk72db72160-e144-4bcb-b8b7-3bb057d269e1",
        "decade": 1890,
        "date": "1893",
        "size": "85 x 72 1/4 in. (215.9 x 183.5 cm.)",
        "widthstr": "85",
        "heightstr": "72 1/4",
        "qwidth": 85,
        "qheight": 72,
        "imgLink": "https://ids.si.edu/ids/deliveryService?id=SAAM-1987.80_1",
        "type": "Quilts"
    },
    {
        "id": "ld1-1643381040022-1643381069429-1",
        "title": "Spool",
        "link": "http://n2t.net/ark:/65665/vk7177c95b9-7b09-4051-8c6a-a6477665794f",
        "decade": 1900,
        "date": "ca. 1876-1900",
        "size": "81 × 73 in. (205.7 × 185.4 cm)",
        "widthstr": "81",
        "heightstr": "73",
        "qwidth": 81,
        "qheight": 73,
        "imgLink": "https://ids.si.edu/ids/deliveryService?id=SAAM-2017.24.20_1",
        "type": "Quilts"
    },
    {
        "id": "ld1-1643381040022-1643381069427-1",
        "title": "Broken Star",
        "link": "http://n2t.net/ark:/65665/vk77d682648-be2f-404a-adf9-b63c176b8882",
        "decade": 1940,
        "date": "ca. 1930-1949",
        "size": "87 × 86 in. (221.0 × 218.4 cm)",
        "widthstr": "87",
        "heightstr": "86",
        "qwidth": 87,
        "qheight": 86,
        "imgLink": "https://ids.si.edu/ids/deliveryService?id=SAAM-2017.24.16_1",
        "type": "Quilts"
    },
    {
        "id": "ld1-1643381040022-1643381069434-0",
        "title": "Spider Web",
        "link": "http://n2t.net/ark:/65665/vk7ab6ebd0c-8b83-4cf3-a237-540c13f32e6e",
        "decade": 1860,
        "date": "ca. 1860",
        "size": "85 1/2 × 74 in. (217.2 × 188.0 cm)",
        "widthstr": "85",
        "heightstr": "74",
        "qwidth": 85,
        "qheight": 74,
        "imgLink": "https://ids.si.edu/ids/deliveryService?id=SAAM-2017.24.29_1",
        "type": "Quilts"
    },
    {
        "id": "ld1-1643381040022-1643381069422-0",
        "title": "Double Irish Chain",
        "link": "http://n2t.net/ark:/65665/vk79cc507bd-955e-41ff-aeb0-9d7e11dfbb5a",
        "decade": 1850,
        "date": "ca. 1850-1875",
        "size": "88 1/4 × 73 1/2 in. (224.2 × 186.7 cm)",
        "widthstr": "88",
        "heightstr": "73 1/2",
        "qwidth": 88,
        "qheight": 73,
        "imgLink": "https://ids.si.edu/ids/deliveryService?id=SAAM-2017.24.5_1",
        "type": "Quilts"
    },
    {
        "id": "ld1-1643381040022-1643381069423-1",
        "title": "Eight Pointed Star",
        "link": "http://n2t.net/ark:/65665/vk7bc87a3a6-3281-4808-983d-6e344e967f55",
        "decade": 1850,
        "date": "ca. 1850-1875",
        "size": "79 3/4 × 72 1/2 in. (202.6 × 184.2 cm)",
        "widthstr": "79",
        "heightstr": "72 1/2",
        "qwidth": 79,
        "qheight": 72,
        "imgLink": "https://ids.si.edu/ids/deliveryService?id=SAAM-2017.24.8_1",
        "type": "Quilts"
    },
    {
        "id": "ld1-1643381040022-1643381069436-0",
        "title": "Lone Star",
        "link": "http://n2t.net/ark:/65665/vk7779c71e8-c92c-46a4-86c8-9c4720b9d6a2",
        "decade": 1850,
        "date": "ca. 1850-1875",
        "size": "87 1/2 × 87 in. (222.3 × 221.0 cm)",
        "widthstr": "87",
        "heightstr": "87",
        "qwidth": 87,
        "qheight": 87,
        "imgLink": "https://ids.si.edu/ids/deliveryService?id=SAAM-2017.24.32_1",
        "type": "Quilts"
    },
    {
        "id": "ld1-1643381040022-1643381069422-1",
        "title": "The Open Box",
        "link": "http://n2t.net/ark:/65665/vk78524f5b1-7540-4c2e-b33f-18b50df8bceb",
        "decade": 1900,
        "date": "ca. 1876-1900",
        "size": "80 × 78 1/2 in. (203.2 × 199.4 cm)",
        "widthstr": "80",
        "heightstr": "78 1/2",
        "qwidth": 80,
        "qheight": 78,
        "imgLink": "https://ids.si.edu/ids/deliveryService?id=SAAM-2017.24.6_1",
        "type": "Quilts"
    },
    {
        "id": "ld1-1643381040022-1643381069424-1",
        "title": "Pinwheel Variation",
        "link": "http://n2t.net/ark:/65665/vk77e72fe5e-7e07-4c1d-8ea3-faedc2ad675a",
        "decade": 1900,
        "date": "ca. 1876-1900",
        "size": "77 × 76 1/2 in. (195.6 × 194.3 cm)",
        "widthstr": "77",
        "heightstr": "76 1/2",
        "qwidth": 77,
        "qheight": 76,
        "imgLink": "https://ids.si.edu/ids/deliveryService?id=SAAM-2017.24.10_1",
        "type": "Quilts"
    },
    {
        "id": "ld1-1643381040022-1643381069436-1",
        "title": "Tennessee Circles",
        "link": "http://n2t.net/ark:/65665/vk776d981fa-d092-4cd0-8e8a-9bedca2027cc",
        "decade": 1940,
        "date": "ca. 1930-1949",
        "size": "84 1/2 × 71 in. (214.6 × 180.3 cm)",
        "widthstr": "84",
        "heightstr": "71",
        "qwidth": 84,
        "qheight": 71,
        "imgLink": "https://ids.si.edu/ids/deliveryService?id=SAAM-2017.24.33_1",
        "type": "Quilts"
    },
    {
        "id": "ld1-1643381040022-1643381069434-1",
        "title": "Carpenter's Wheel",
        "link": "http://n2t.net/ark:/65665/vk77d72a6ba-5dda-4cef-bef1-be2d781c159c",
        "decade": 1940,
        "date": "ca. 1930-1949",
        "size": "88 × 84 1/4 in. (223.5 × 214.0 cm)",
        "widthstr": "88",
        "heightstr": "84 1/4",
        "qwidth": 88,
        "qheight": 84,
        "imgLink": "https://ids.si.edu/ids/deliveryService?id=SAAM-2017.24.30_1",
        "type": "Quilts"
    },
    {
        "id": "ld1-1643381040022-1643381069419-0",
        "title": "Log Cabin Variation: Couthouse Steps",
        "link": "http://n2t.net/ark:/65665/vk73ff56b3c-9576-43ba-8cb3-4dc1202d455d",
        "decade": 1850,
        "date": "ca. 1860",
        "size": "88 × 73 in. (223.5 × 185.4 cm)",
        "widthstr": "88",
        "heightstr": "73",
        "qwidth": 88,
        "qheight": 73,
        "imgLink": "https://ids.si.edu/ids/deliveryService?id=SAAM-2017.24.1_1",
        "type": "Quilts"
    },
    {
        "id": "ld1-1643381040022-1643381069435-0",
        "title": "Courthouse Steps",
        "link": "http://n2t.net/ark:/65665/vk7062a5520-ffab-4174-97b9-1a23e01fd98a",
        "decade": 1900,
        "date": "ca. 1876-1900",
        "size": "64 × 64 1/2 in. (162.6 × 163.8 cm)",
        "widthstr": "64",
        "heightstr": "64 1/2",
        "qwidth": 64,
        "qheight": 64,
        "imgLink": "https://ids.si.edu/ids/deliveryService?id=SAAM-2017.24.31_1",
        "type": "Quilts"
    },
    {
        "id": "ld1-1643381040022-1643381069432-1",
        "title": "Postage Stamp Irish Chain",
        "link": "http://n2t.net/ark:/65665/vk75f5ee060-42c7-41e9-9f17-51195f28324d",
        "decade": 1940,
        "date": "ca. 1930-1949",
        "size": "92 1/4 × 78 1/4 in. (234.3 × 198.8 cm)",
        "widthstr": "92",
        "heightstr": "78 1/4",
        "qwidth": 92,
        "qheight": 78,
        "imgLink": "https://ids.si.edu/ids/deliveryService?id=SAAM-2017.24.26_1",
        "type": "Quilts"
    },
    {
        "id": "ld1-1643381040022-1643381069423-0",
        "title": "Waver of the Sea",
        "link": "http://n2t.net/ark:/65665/vk7be2736e8-2930-4dd4-b790-e5c63e3c4e12",
        "decade": 1850,
        "date": "ca. 1850-1875",
        "size": "84 × 70 in. (213.4 × 177.8 cm)",
        "widthstr": "84",
        "heightstr": "70",
        "qwidth": 84,
        "qheight": 70,
        "imgLink": "https://ids.si.edu/ids/deliveryService?id=SAAM-2017.24.7_1",
        "type": "Quilts"
    },
    {
        "id": "ld1-1643381040022-1643381069432-0",
        "title": "Four Swallows",
        "link": "http://n2t.net/ark:/65665/vk7b6ea7465-0beb-46f0-87dd-5f2c77e843eb",
        "decade": 1910,
        "date": "ca. 1915-1930",
        "size": "87 × 72 in. (221.0 × 182.9 cm)",
        "widthstr": "87",
        "heightstr": "72",
        "qwidth": 87,
        "qheight": 72,
        "imgLink": "https://ids.si.edu/ids/deliveryService?id=SAAM-2017.24.25_1",
        "type": "Quilts"
    },
    {
        "id": "ld1-1643381040022-1643381069424-0",
        "title": "Pieced Nine Patch Variation",
        "link": "http://n2t.net/ark:/65665/vk7f7411228-dec8-4de9-bd31-e661035c1aeb",
        "decade": 1930,
        "date": "ca. 1930",
        "size": "77 × 58 1/2 in. (195.6 × 148.6 cm)",
        "widthstr": "77",
        "heightstr": "58 1/2",
        "qwidth": 77,
        "qheight": 58,
        "imgLink": "https://ids.si.edu/ids/deliveryService?id=SAAM-2017.24.9_1",
        "type": "Quilts"
    },
    {
        "id": "ld1-1643381040022-1643381069425-0",
        "title": "Axe Head",
        "link": "http://n2t.net/ark:/65665/vk7c963b446-4a6d-4191-85fb-127207a5e75a",
        "decade": 1900,
        "date": "ca. 1876-1900",
        "size": "71 × 60 1/4 in. (180.3 × 153.0 cm)",
        "widthstr": "71",
        "heightstr": "60 1/4",
        "qwidth": 71,
        "qheight": 60,
        "imgLink": "https://ids.si.edu/ids/deliveryService?id=SAAM-2017.24.11_1",
        "type": "Quilts"
    },
    {
        "id": "ld1-1643381040022-1643381069428-0",
        "title": "Fanny's Fan",
        "link": "http://n2t.net/ark:/65665/vk7e80e6ffa-137e-43dc-b104-64a48926d58a",
        "decade": 1940,
        "date": "ca. 1930-1949",
        "size": "80 1/2 × 65 in. (204.5 × 165.1 cm)",
        "widthstr": "80",
        "heightstr": "65",
        "qwidth": 80,
        "qheight": 65,
        "imgLink": "https://ids.si.edu/ids/deliveryService?id=SAAM-2017.24.17_1",
        "type": "Quilts"
    },
    {
        "id": "ld1-1643381040022-1643381069421-0",
        "title": "Sash and Block",
        "link": "http://n2t.net/ark:/65665/vk78d603884-b454-4c9e-bc56-ebaf79d704cf",
        "decade": 1900,
        "date": "ca. 1876-1900",
        "size": "80 1/4 × 67 in. (203.8 × 170.2 cm)",
        "widthstr": "80",
        "heightstr": "67",
        "qwidth": 80,
        "qheight": 67,
        "imgLink": "https://ids.si.edu/ids/deliveryService?id=SAAM-2017.24.3_1",
        "type": "Quilts"
    },
    {
        "id": "ld1-1643381040022-1643381069433-0",
        "title": "Ohio Star",
        "link": "http://n2t.net/ark:/65665/vk736ae3887-baaa-4b13-b2a5-9b2387e353a6",
        "decade": 1880,
        "date": "ca. 1880",
        "size": "74 1/2 × 74 1/2 in. (189.2 × 189.2 cm)",
        "widthstr": "74",
        "heightstr": "74 1/2",
        "qwidth": 74,
        "qheight": 74,
        "imgLink": "https://ids.si.edu/ids/deliveryService?id=SAAM-2017.24.27_1",
        "type": "Quilts"
    },
    {
        "id": "ld1-1643381040022-1643381069438-0",
        "title": "Oak Leaf and Currants",
        "link": "http://n2t.net/ark:/65665/vk73a05c327-97eb-4916-84c1-dabd0f1c1317",
        "decade": 1930,
        "date": "ca. 1930-1950",
        "size": "98 × 81 in. (248.9 × 205.7 cm)",
        "widthstr": "98",
        "heightstr": "81",
        "qwidth": 98,
        "qheight": 81,
        "imgLink": "https://ids.si.edu/ids/deliveryService?id=SAAM-2017.24.36_1",
        "type": "Quilts"
    },
    {
        "id": "ld1-1643381040022-1643381069425-1",
        "title": "Baskets",
        "link": "http://n2t.net/ark:/65665/vk70af6d208-78d7-454d-a598-639c29299fc3",
        "decade": 1900,
        "date": "ca. 1876-1900",
        "size": "79 3/4 × 79 3/4 in. (202.6 × 202.6 cm)",
        "widthstr": "79",
        "heightstr": "79 3/4",
        "qwidth": 79,
        "qheight": 79,
        "imgLink": "https://ids.si.edu/ids/deliveryService?id=SAAM-2017.24.12_1",
        "type": "Quilts"
    },
    {
        "id": "ld1-1643381040022-1643381069420-0",
        "title": "Princess Feather",
        "link": "http://n2t.net/ark:/65665/vk71e67bd05-c013-43ec-afe1-3721db16792d",
        "decade": 1850,
        "date": "ca. 1850-1875",
        "size": "81 × 79 1/4 in. (205.7 × 201.3 cm)",
        "widthstr": "81",
        "heightstr": "79 1/4",
        "qwidth": 81,
        "qheight": 79,
        "imgLink": "https://ids.si.edu/ids/deliveryService?id=SAAM-2017.24.2_1",
        "type": "Quilts"
    },
    {
        "id": "ld1-1643381040022-1643381069427-0",
        "title": "Drunkard's Path Variation",
        "link": "http://n2t.net/ark:/65665/vk77cb3bf10-6c4c-4d39-862b-2546557d4b2f",
        "decade": 1900,
        "date": "ca. 1880-1900",
        "size": "87 1/2 × 86 1/2 in. (222.3 × 219.7 cm)",
        "widthstr": "87",
        "heightstr": "86 1/2",
        "qwidth": 87,
        "qheight": 86,
        "imgLink": "https://ids.si.edu/ids/deliveryService?id=SAAM-2017.24.15_1",
        "type": "Quilts"
    },
    {
        "id": "ld1-1643381040022-1643381069421-1",
        "title": "Virginia Star",
        "link": "http://n2t.net/ark:/65665/vk7a7068e68-e708-4a73-a5e0-3eedaf831f11",
        "decade": 1900,
        "date": "ca. 1876-1900",
        "size": "87 1/2 × 73 1/2 in. (222.3 × 186.7 cm)",
        "widthstr": "87",
        "heightstr": "73 1/2",
        "qwidth": 87,
        "qheight": 73,
        "imgLink": "https://ids.si.edu/ids/deliveryService?id=SAAM-2017.24.4_1",
        "type": "Quilts"
    },
    {
        "id": "ld1-1643381040022-1643381069431-0",
        "title": "Yo-Yo Hexagon",
        "link": "http://n2t.net/ark:/65665/vk77ace9151-726d-4937-aeeb-c570fdc8e81f",
        "decade": 1940,
        "date": "ca. 1930-1949",
        "size": "88 × 95 in. (223.5 × 241.3 cm)",
        "widthstr": "88",
        "heightstr": "95",
        "qwidth": 88,
        "qheight": 95,
        "imgLink": "https://ids.si.edu/ids/deliveryService?id=SAAM-2017.24.23_1",
        "type": "Quilts"
    },
    {
        "id": "ld1-1643381040022-1643381069426-0",
        "title": "Baby Blocks",
        "link": "http://n2t.net/ark:/65665/vk760a1b449-1b2c-4a7a-9760-ccf7cb8a5afd",
        "decade": 1900,
        "date": "ca. 1876-1900",
        "size": "76 × 88 in. (193.0 × 223.5 cm)",
        "widthstr": "76",
        "heightstr": "88",
        "qwidth": 76,
        "qheight": 88,
        "imgLink": "https://ids.si.edu/ids/deliveryService?id=SAAM-2017.24.13_1",
        "type": "Quilts"
    },
    {
        "id": "ld1-1643381040022-1643381069431-1",
        "title": "Hawaiian; Breadfruit Variation",
        "link": "http://n2t.net/ark:/65665/vk7048984fb-8af2-479a-bb4e-0b5378c98734",
        "decade": 1940,
        "date": "ca. 1930-1949",
        "size": "74 1/2 × 74 1/2 in. (189.2 × 189.2 cm)",
        "widthstr": "74",
        "heightstr": "74 1/2",
        "qwidth": 74,
        "qheight": 74,
        "imgLink": "https://ids.si.edu/ids/deliveryService?id=SAAM-2017.24.24_1",
        "type": "Quilts"
    },
    {
        "id": "ld1-1643381040022-1643381069430-0",
        "title": "Double X",
        "link": "http://n2t.net/ark:/65665/vk752eb5e5f-2bf3-4b72-acd7-6e777ee462e2",
        "decade": 1900,
        "date": "ca. 1876-1900",
        "size": "64 1/2 × 64 1/2 in. (163.8 × 163.8 cm)",
        "widthstr": "64",
        "heightstr": "64 1/2",
        "qwidth": 64,
        "qheight": 64,
        "imgLink": "https://ids.si.edu/ids/deliveryService?id=SAAM-2017.24.21_1",
        "type": "Quilts"
    },
    {
        "id": "ld1-1643381040022-1643381062857-1",
        "title": "Flying Geese",
        "link": "http://n2t.net/ark:/65665/vk788b95f06-7577-40a5-8d36-9b086fe91343",
        "decade": 1840,
        "date": "ca. 1840",
        "size": "35 5/8 x 38 3/4 in. (90.5 x 98.3 cm)",
        "widthstr": "35",
        "heightstr": "38 3/4",
        "qwidth": 35,
        "qheight": 38,
        "imgLink": "https://ids.si.edu/ids/deliveryService?id=SAAM-1998.149.22_1",
        "type": "Quilts"
    },
    {
        "id": "ld1-1643381040022-1643381068702-0",
        "title": "Lady of the Lake Variation",
        "link": "http://n2t.net/ark:/65665/vk7219625fd-96d6-485a-a03a-0b48277795cc",
        "decade": 1880,
        "date": "ca. 1870s",
        "size": "80 x 88 in. (203.2 x 223.5 cm)",
        "widthstr": "80",
        "heightstr": "88",
        "qwidth": 80,
        "qheight": 88,
        "imgLink": null,
        "type": "Quilts"
    },
    {
        "id": "ld1-1643381040022-1643381068704-0",
        "title": "Log Cabin; Sunshine and Shadow",
        "link": "http://n2t.net/ark:/65665/vk716bb8489-2dcf-4e07-b606-4ac4488248e5",
        "decade": 1870,
        "date": "1874",
        "size": "85 1/2 x 87 in. (217.2 x 221.0 cm)",
        "widthstr": "85",
        "heightstr": "87",
        "qwidth": 85,
        "qheight": 87,
        "imgLink": null,
        "type": "Quilts"
    },
    {
        "id": "ld1-1643381040022-1643381068707-2",
        "title": "Diamond Nine Patch",
        "link": "http://n2t.net/ark:/65665/vk7fd6997d0-b0a5-4fdd-bed0-e2ef27a0bf97",
        "decade": 1900,
        "date": "early 20th Century",
        "size": "65 x 40 1/4 in. (165.1 x 102.2 cm)",
        "widthstr": "65",
        "heightstr": "40 1/4",
        "qwidth": 65,
        "qheight": 40,
        "imgLink": null,
        "type": "Quilts"
    },
    {
        "id": "ld1-1643381040022-1643381069386-0",
        "title": "Untitled (\"Nine Patch\" in Grid)",
        "link": "http://n2t.net/ark:/65665/vk71350a825-6813-439a-bfbd-cfe32f239356",
        "decade": 1890,
        "date": "ca. 1880-1890",
        "size": "cotton",
        "widthstr": "cotton",
        "heightstr": "Unknown",
        "qwidth": null,
        "qheight": "Unknown",
        "imgLink": "https://ids.si.edu/ids/deliveryService?id=SAAM-2016.57.6_1",
        "type": "Quilts"
    },
    {
        "id": "ld1-1643381040022-1643381069387-2",
        "title": "Untitled",
        "link": "http://n2t.net/ark:/65665/vk7a9266d96-60b0-4404-bc12-7463e71b96b1",
        "decade": 1850,
        "date": "ca. 1860",
        "size": "cotton",
        "widthstr": "cotton",
        "heightstr": "Unknown",
        "qwidth": null,
        "qheight": "Unknown",
        "imgLink": "https://ids.si.edu/ids/deliveryService?id=SAAM-2016.57.10_1",
        "type": "Quilts"
    },
    {
        "id": "ld1-1643381040022-1643381069385-0",
        "title": "Untitled (whole-cloth chintz)",
        "link": "http://n2t.net/ark:/65665/vk70baea70a-0fa1-4c50-b984-896b2acc9e85",
        "decade": 1810,
        "date": "ca. 1820-1840",
        "size": "cotton and wool",
        "widthstr": "cotton",
        "heightstr": "Unknown",
        "qwidth": null,
        "qheight": "Unknown",
        "imgLink": "https://ids.si.edu/ids/deliveryService?id=SAAM-2016.57.4_1",
        "type": "Quilts"
    },
    {
        "id": "ld1-1643381040022-1643381068706-1",
        "title": "Streak of Lightning",
        "link": "http://n2t.net/ark:/65665/vk70d8ce657-80f9-40b1-9c76-8a414a394972",
        "decade": 1920,
        "date": "ca. 1920",
        "size": "80 x 69 in. (203.2 x 175.3 cm)",
        "widthstr": "80",
        "heightstr": "69",
        "qwidth": 80,
        "qheight": 69,
        "imgLink": "https://ids.si.edu/ids/deliveryService?id=SAAM-2013.67.17_1",
        "type": "Quilts"
    },
    {
        "id": "ld1-1643381040022-1643381068701-0",
        "title": "Ocean Waves",
        "link": "http://n2t.net/ark:/65665/vk758e69183-b8f0-43a4-82ca-723c8558ab00",
        "decade": 1900,
        "date": "ca. 1890s",
        "size": "79 x 65 in. (200.7 x 165.1 cm)",
        "widthstr": "79",
        "heightstr": "65",
        "qwidth": 79,
        "qheight": 65,
        "imgLink": "https://ids.si.edu/ids/deliveryService?id=SAAM-2013.67.5_1",
        "type": "Quilts"
    },
    {
        "id": "ld1-1643381040022-1643381069387-0",
        "title": "Untitled (Whole-cloth)",
        "link": "http://n2t.net/ark:/65665/vk79d81d4c7-4a68-46ab-81fd-2968725322f9",
        "decade": 1800,
        "date": "ca. 1795-1800",
        "size": "118 1/2 × 107 1/2 in. (301 × 273.1 cm)",
        "widthstr": "118",
        "heightstr": "107 1/2",
        "qwidth": 118,
        "qheight": 107,
        "imgLink": "https://ids.si.edu/ids/deliveryService?id=SAAM-2016.57.8_1",
        "type": "Quilts"
    },
    {
        "id": "ld1-1643381040022-1643381070552-1",
        "title": "Ocean Waves",
        "link": "http://n2t.net/ark:/65665/vk7ec7b26bb-a2ce-4dd3-b608-8507c53db97d",
        "decade": 1920,
        "date": "ca. 1920",
        "size": "70 1/8 × 61 5/8 in. (178.1 × 156.5 cm)",
        "widthstr": "70",
        "heightstr": "61 5/8",
        "qwidth": 70,
        "qheight": 61,
        "imgLink": "https://ids.si.edu/ids/deliveryService?id=SAAM-2021.67.2_1",
        "type": "Quilts"
    },
    {
        "id": "ld1-1643381040022-1643381068699-1",
        "title": "Double Irish Chain",
        "link": "http://n2t.net/ark:/65665/vk7849f7540-a1ea-479b-9e29-d3e3b749b841",
        "decade": 1910,
        "date": "ca. 1910",
        "size": "79 x 65 in. (200.7 x 165.1 cm)",
        "widthstr": "79",
        "heightstr": "65",
        "qwidth": 79,
        "qheight": 65,
        "imgLink": "https://ids.si.edu/ids/deliveryService?id=SAAM-2013.67.2_1",
        "type": "Quilts"
    },
    {
        "id": "ld1-1643381040022-1643381068703-0",
        "title": "Wild Goose Chase",
        "link": "http://n2t.net/ark:/65665/vk7621544bf-f120-4629-8068-3829c528712a",
        "decade": 1890,
        "date": "1894",
        "size": "74 x 87 in. (188.0 x 221.0 cm)",
        "widthstr": "74",
        "heightstr": "87",
        "qwidth": 74,
        "qheight": 87,
        "imgLink": "https://ids.si.edu/ids/deliveryService?id=SAAM-2013.67.10_1",
        "type": "Quilts"
    },
    {
        "id": "ld1-1643381040022-1643381070553-2",
        "title": "Roman Stripe",
        "link": "http://n2t.net/ark:/65665/vk784b1c715-9c7b-4c96-9ecb-05caa00a6409",
        "decade": 1940,
        "date": "ca. 1940",
        "size": "77 × 68 3/4 in. (195.6 × 174.6 cm)",
        "widthstr": "77",
        "heightstr": "68 3/4",
        "qwidth": 77,
        "qheight": 68,
        "imgLink": "https://ids.si.edu/ids/deliveryService?id=SAAM-2021.67.5_1",
        "type": "Quilts"
    },
    {
        "id": "ld1-1643381040022-1643381068699-0",
        "title": "Rose of Sharon",
        "link": "http://n2t.net/ark:/65665/vk7513dbf51-967a-47fc-a2b1-8b980d9d55cb",
        "decade": 1860,
        "date": "1866",
        "size": "80 x 80 in. (203.2 x 203.2 cm)",
        "widthstr": "80",
        "heightstr": "80",
        "qwidth": 80,
        "qheight": 80,
        "imgLink": "https://ids.si.edu/ids/deliveryService?id=SAAM-2013.67.1_1",
        "type": "Quilts"
    },
    {
        "id": "ld1-1643381040022-1643381069387-1",
        "title": "Untitled (Floral Appliqué Sampler)",
        "link": "http://n2t.net/ark:/65665/vk74a3fff74-9fef-450e-9dd3-0cc9e750a38a",
        "decade": 1860,
        "date": "1861",
        "size": "cotton",
        "widthstr": "cotton",
        "heightstr": "Unknown",
        "qwidth": null,
        "qheight": "Unknown",
        "imgLink": "https://ids.si.edu/ids/deliveryService?id=SAAM-2016.57.9_1",
        "type": "Quilts"
    },
    {
        "id": "ld1-1643381040022-1643381069386-1",
        "title": "Untitled (Diagonal Stripes in Square)",
        "link": "http://n2t.net/ark:/65665/vk732fa18ea-c28c-43c6-a451-d1866583ee5e",
        "decade": 1890,
        "date": "ca. 1880-1890",
        "size": "80 1/2 × 80 1/4 in. (204.5 × 203.8 cm)",
        "widthstr": "80",
        "heightstr": "80 1/4",
        "qwidth": 80,
        "qheight": 80,
        "imgLink": "https://ids.si.edu/ids/deliveryService?id=SAAM-2016.57.7_1",
        "type": "Quilts"
    },
    {
        "id": "ld1-1686386796391-1686386815042-0",
        "title": "Center Diamond",
        "link": "http://n2t.net/ark:/65665/vk7f0196203-ee22-41a4-8e2e-a7a0b2b623c2",
        "decade": 1920,
        "date": "ca. 1930",
        "size": "80 1/2 × 79 3/4 in. (204.5 × 202.6 cm)",
        "widthstr": "80",
        "heightstr": "79 3/4",
        "qwidth": 80,
        "qheight": 79,
        "imgLink": "https://ids.si.edu/ids/deliveryService?id=SAAM-2022.4.1_1",
        "type": "Quilts"
    },
    {
        "id": "ld1-1643381040022-1643381070552-0",
        "title": "Tumbling Blocks",
        "link": "http://n2t.net/ark:/65665/vk721a17259-274e-4396-a1ae-81c1f8086d2c",
        "decade": 1920,
        "date": "ca. 1930",
        "size": "88 7/8 × 75 3/4 in. (225.7 × 192.4 cm)",
        "widthstr": "88",
        "heightstr": "75 3/4",
        "qwidth": 88,
        "qheight": 75,
        "imgLink": "https://ids.si.edu/ids/deliveryService?id=SAAM-2021.67.1_1",
        "type": "Quilts"
    },
    {
        "id": "ld1-1643381040022-1643381068701-1",
        "title": "Shoo Fly Variation",
        "link": "http://n2t.net/ark:/65665/vk77605432c-c4c0-44cf-846c-6079b1460ec7",
        "decade": 1930,
        "date": "ca. 1940s",
        "size": "75 x 65 in. (190.5 x 165.1 cm)",
        "widthstr": "75",
        "heightstr": "65",
        "qwidth": 75,
        "qheight": 65,
        "imgLink": "https://ids.si.edu/ids/deliveryService?id=SAAM-2013.67.6_1",
        "type": "Quilts"
    },
    {
        "id": "ld1-1643381040022-1643381068707-0",
        "title": "Triple Irish Chain",
        "link": "http://n2t.net/ark:/65665/vk7f713a546-2a16-4034-ae68-7cf0e91745a2",
        "decade": 1920,
        "date": "ca. 1930s",
        "size": "78 x 64 in. (198.1 x 162.6 cm)",
        "widthstr": "78",
        "heightstr": "64",
        "qwidth": 78,
        "qheight": 64,
        "imgLink": "https://ids.si.edu/ids/deliveryService?id=SAAM-2013.67.18_1",
        "type": "Quilts"
    },
    {
        "id": "ld1-1643381040022-1643381068702-1",
        "title": "Log Cabin; Sunshine and Shadow",
        "link": "http://n2t.net/ark:/65665/vk7e595ebff-9d26-43ef-a5f8-f5735635ba33",
        "decade": 1900,
        "date": "early 20th Century",
        "size": "84 x 84 in. (213.4 x 213.4 cm)",
        "widthstr": "84",
        "heightstr": "84",
        "qwidth": 84,
        "qheight": 84,
        "imgLink": "https://ids.si.edu/ids/deliveryService?id=SAAM-2013.67.8_1",
        "type": "Quilts"
    },
    {
        "id": "ld1-1643381040022-1643381068700-0",
        "title": "Whitework",
        "link": "http://n2t.net/ark:/65665/vk77001ade2-2ecd-4667-bf8d-932b89e85095",
        "decade": 1800,
        "date": "19th century",
        "size": "79 x 65 in. (200.7 x 165.1 cm)",
        "widthstr": "79",
        "heightstr": "65",
        "qwidth": 79,
        "qheight": 65,
        "imgLink": "https://ids.si.edu/ids/deliveryService?id=SAAM-2013.67.3_1",
        "type": "Quilts"
    },
    {
        "id": "ld1-1643381040022-1643381068702-2",
        "title": "Four Patch Variation",
        "link": "http://n2t.net/ark:/65665/vk757458301-2dd4-4fc1-a86f-a64eb2c33e18",
        "decade": 1880,
        "date": "ca. 1880",
        "size": "66 x 54 in. (167.6 x 137.2 cm)",
        "widthstr": "66",
        "heightstr": "54",
        "qwidth": 66,
        "qheight": 54,
        "imgLink": "https://ids.si.edu/ids/deliveryService?id=SAAM-2013.67.9_1",
        "type": "Quilts"
    },
    {
        "id": "ld1-1643381040022-1643381068705-0",
        "title": "Flying Geese Variation",
        "link": "http://n2t.net/ark:/65665/vk72f364eab-e24f-487c-a136-93dabb50f675",
        "decade": 1900,
        "date": "early 20th Century",
        "size": "37 x 33 in. (94.0 x 83.8 cm)",
        "widthstr": "37",
        "heightstr": "33",
        "qwidth": 37,
        "qheight": 33,
        "imgLink": "https://ids.si.edu/ids/deliveryService?id=SAAM-2013.67.14_1",
        "type": "Quilts"
    },
    {
        "id": "ld1-1643381040022-1643381070553-1",
        "title": "Sunshine and Shadow",
        "link": "http://n2t.net/ark:/65665/vk797f0993f-4ad1-4909-b538-079b54af765c",
        "decade": 1920,
        "date": "ca. 1930",
        "size": "87 7/8 × 88 7/8 in. (223.2 × 225.7 cm)",
        "widthstr": "87",
        "heightstr": "88 7/8",
        "qwidth": 87,
        "qheight": 88,
        "imgLink": "https://ids.si.edu/ids/deliveryService?id=SAAM-2021.67.4_1",
        "type": "Quilts"
    },
    {
        "id": "ld1-1643381040022-1643381068703-1",
        "title": "Four Patch Chain Variation",
        "link": "http://n2t.net/ark:/65665/vk75775694d-d673-440b-ba7d-297042333677",
        "decade": 1880,
        "date": "ca. 1885",
        "size": "62 x 62 in. (157.5 x 157.5 cm)",
        "widthstr": "62",
        "heightstr": "62",
        "qwidth": 62,
        "qheight": 62,
        "imgLink": "https://ids.si.edu/ids/deliveryService?id=SAAM-2013.67.11_1",
        "type": "Quilts"
    },
    {
        "id": "ld1-1643381040022-1643381068700-1",
        "title": "Postage Stamp Variation with Center Stars",
        "link": "http://n2t.net/ark:/65665/vk76eb0c457-5449-403e-8155-abaa0064e2c8",
        "decade": 1880,
        "date": "ca. 1875",
        "size": "46 x 46 in. (116.8 x 116.8 cm)",
        "widthstr": "46",
        "heightstr": "46",
        "qwidth": 46,
        "qheight": 46,
        "imgLink": "https://ids.si.edu/ids/deliveryService?id=SAAM-2013.67.4_1",
        "type": "Quilts"
    },
    {
        "id": "ld1-1643381040022-1643381070553-0",
        "title": "Center Square",
        "link": "http://n2t.net/ark:/65665/vk72193d23d-2b4c-4c74-b06c-b31c0fd43975",
        "decade": 1920,
        "date": "ca. 1930",
        "size": "70 1/8 × 57 5/8 in. (178.1 × 146.4 cm)",
        "widthstr": "70",
        "heightstr": "57 5/8",
        "qwidth": 70,
        "qheight": 57,
        "imgLink": "https://ids.si.edu/ids/deliveryService?id=SAAM-2021.67.3_1",
        "type": "Quilts"
    },
    {
        "id": "ld1-1643381040022-1643381068704-1",
        "title": "Philadelphia Pavement Variation",
        "link": "http://n2t.net/ark:/65665/vk7798782e6-52da-474a-923f-b6d4590b9ba6",
        "decade": 1900,
        "date": "early 20th Century",
        "size": "83 x 83 in. (210.8 x 210.8 cm)",
        "widthstr": "83",
        "heightstr": "83",
        "qwidth": 83,
        "qheight": 83,
        "imgLink": "https://ids.si.edu/ids/deliveryService?id=SAAM-2013.67.13_1",
        "type": "Quilts"
    },
    {
        "id": "ld1-1643381040022-1643381069385-1",
        "title": "Untitled (whole-cloth with border)",
        "link": "http://n2t.net/ark:/65665/vk7b4fb3b8c-41ef-4b42-83c2-168a2b921741",
        "decade": 1800,
        "date": "ca. 1810",
        "size": "94 1/4 × 90 1/2 in. (239.4 × 229.9 cm)",
        "widthstr": "94",
        "heightstr": "90 1/2",
        "qwidth": 94,
        "qheight": 90,
        "imgLink": "https://ids.si.edu/ids/deliveryService?id=SAAM-2016.57.5_1",
        "type": "Quilts"
    },
    {
        "id": "ld1-1643381040022-1643381059383-1",
        "title": "Pillow Sham with Trapunto Quilting",
        "link": "http://n2t.net/ark:/65665/vk71b3d58da-c3ee-4abc-ad47-35fcae12ebdd",
        "decade": 1700,
        "date": "18th century",
        "size": "sight 18 1/4 x 36 1/4 in. (47.0 x 92.0 cm) irregular frame: 21 x 39 x 1 1/4 in. (53.4 x 99.1 x 3.1 cm)",
        "widthstr": "sight",
        "heightstr": "36 1/4",
        "qwidth": null,
        "qheight": 36,
        "imgLink": "https://ids.si.edu/ids/deliveryService?id=SAAM-1986.65.350_1",
        "type": "Decorative arts"
    },
    {
        "id": "ld1-1643381040022-1643381068965-0",
        "title": "Untitled (Pine Burr)",
        "link": "http://n2t.net/ark:/65665/vk767b2b762-1aad-465c-ba3b-54c0bf76db34",
        "decade": 1910,
        "date": "1910",
        "size": "77 × 64 in. (195.6 × 162.6 cm)",
        "widthstr": "77",
        "heightstr": "64",
        "qwidth": 77,
        "qheight": 64,
        "imgLink": "https://ids.si.edu/ids/deliveryService?id=SAAM-2016.5.27_1",
        "type": "Decorative arts"
    },
    {
        "id": "ld1-1643381040022-1643381068956-0",
        "title": "Untitled (Blocks and Strings)",
        "link": "http://n2t.net/ark:/65665/vk77c5d2235-7484-4867-bb84-c07348702482",
        "decade": 1940,
        "date": "1930s - 1940s",
        "size": "86 × 73 in. (218.4 × 185.4 cm)",
        "widthstr": "86",
        "heightstr": "73",
        "qwidth": 86,
        "qheight": 73,
        "imgLink": "https://ids.si.edu/ids/deliveryService?id=SAAM-2016.5.10_1",
        "type": "Decorative arts"
    },
    {
        "id": "ld1-1643381040022-1643381068947-1",
        "title": "Untitled (Stars)",
        "link": "http://n2t.net/ark:/65665/vk77e991ed8-7fb7-47b4-b7c6-9733d1e49599",
        "decade": 1940,
        "date": "1930s - 1940s",
        "size": "80 × 60 in. (203.2 × 152.4 cm), irregular",
        "widthstr": "80",
        "heightstr": "60",
        "qwidth": 80,
        "qheight": 60,
        "imgLink": "https://ids.si.edu/ids/deliveryService?id=SAAM-2016.5.34_1",
        "type": "Decorative arts"
    },
    {
        "id": "ld1-1643381040022-1643381068943-1",
        "title": "Untitled (Triangles)",
        "link": "http://n2t.net/ark:/65665/vk799503c7e-0c2b-45c5-b741-0ea1de1f1112",
        "decade": 1930,
        "date": "1930s",
        "size": "78 × 65 1/2 in. (198.1 × 166.4 cm)",
        "widthstr": "78",
        "heightstr": "65 1/2",
        "qwidth": 78,
        "qheight": 65,
        "imgLink": "https://ids.si.edu/ids/deliveryService?id=SAAM-2016.5.54_1",
        "type": "Decorative arts"
    },
    {
        "id": "ld1-1643381040022-1643381068968-1",
        "title": "Untitled (Bars)",
        "link": "http://n2t.net/ark:/65665/vk793e8c810-bc42-4a70-9082-03bd0dd8d877",
        "decade": 1920,
        "date": "1910 - 1920",
        "size": "70 × 63 in. (177.8 × 160.0 cm)",
        "widthstr": "70",
        "heightstr": "63",
        "qwidth": 70,
        "qheight": 63,
        "imgLink": "https://ids.si.edu/ids/deliveryService?id=SAAM-2016.5.8_1",
        "type": "Decorative arts"
    },
    {
        "id": "ld1-1643381040022-1643381068956-1",
        "title": "Untitled (Blocks and Strips)",
        "link": "http://n2t.net/ark:/65665/vk795663d51-10c8-4b9c-9f0c-8d6f89224307",
        "decade": 1940,
        "date": "1940s",
        "size": "66 × 59 1/2 in. (167.6 × 151.1 cm)",
        "widthstr": "66",
        "heightstr": "59 1/2",
        "qwidth": 66,
        "qheight": 59,
        "imgLink": "https://ids.si.edu/ids/deliveryService?id=SAAM-2016.5.12_1",
        "type": "Decorative arts"
    },
    {
        "id": "ld1-1643381040022-1643381068953-0",
        "title": "Untitled (Wheels of Chance)",
        "link": "http://n2t.net/ark:/65665/vk7ee98dbcf-4f46-4d70-98d5-d6fd4ffdfdfc",
        "decade": 1940,
        "date": "1940s",
        "size": "92 × 73 in. (233.7 × 185.4 cm)",
        "widthstr": "92",
        "heightstr": "73",
        "qwidth": 92,
        "qheight": 73,
        "imgLink": "https://ids.si.edu/ids/deliveryService?id=SAAM-2016.5.55_1",
        "type": "Decorative arts"
    },
    {
        "id": "ld1-1643381040022-1643381068965-2",
        "title": "Untitled (Eggtimer Variation)",
        "link": "http://n2t.net/ark:/65665/vk732ddea7c-075e-4e8b-bcf0-ac1cedd93372",
        "decade": 1940,
        "date": "1940s",
        "size": "79 1/2 × 71 in. (201.9 × 180.3 cm)",
        "widthstr": "79",
        "heightstr": "71",
        "qwidth": 79,
        "qheight": 71,
        "imgLink": "https://ids.si.edu/ids/deliveryService?id=SAAM-2016.5.19_1",
        "type": "Decorative arts"
    },
    {
        "id": "ld1-1643381040022-1643381068942-1",
        "title": "Untitled (Blocks and Strips)",
        "link": "http://n2t.net/ark:/65665/vk75fad11da-acfb-48fd-acf2-b4783c3cdb9f",
        "decade": 1940,
        "date": "1940s",
        "size": "93 × 65 in. (236.2 × 165.1 cm)",
        "widthstr": "93",
        "heightstr": "65",
        "qwidth": 93,
        "qheight": 65,
        "imgLink": "https://ids.si.edu/ids/deliveryService?id=SAAM-2016.5.11_1",
        "type": "Decorative arts"
    },
    {
        "id": "ld1-1643381040022-1643381068941-1",
        "title": "Untitled (Bars and Strips)",
        "link": "http://n2t.net/ark:/65665/vk7355eaaed-f538-40f3-b587-abc8747985e4",
        "decade": 1920,
        "date": "1920s",
        "size": "89 × 66 in. (226.1 × 167.6 cm)",
        "widthstr": "89",
        "heightstr": "66",
        "qwidth": 89,
        "qheight": 66,
        "imgLink": "https://ids.si.edu/ids/deliveryService?id=SAAM-2016.5.4_1",
        "type": "Decorative arts"
    },
    {
        "id": "ld1-1643381040022-1643381068946-0",
        "title": "Untitled (Octagons and Bars)",
        "link": "http://n2t.net/ark:/65665/vk76c7579e0-a54d-4073-ad3c-90953f389fce",
        "decade": 1940,
        "date": "1930s - 1940s",
        "size": "74 × 73 in. (188.0 × 185.4 cm)",
        "widthstr": "74",
        "heightstr": "73",
        "qwidth": 74,
        "qheight": 73,
        "imgLink": "https://ids.si.edu/ids/deliveryService?id=SAAM-2016.5.25_1",
        "type": "Decorative arts"
    },
    {
        "id": "ld1-1643381040022-1643381068967-1",
        "title": "Untitled (Stars)",
        "link": "http://n2t.net/ark:/65665/vk72655884a-42ef-4fff-a3b9-ba60c3e90ef9",
        "decade": 1910,
        "date": "1900-1910",
        "size": "77 1/2 × 55 in. (196.9 × 139.7 cm)",
        "widthstr": "77",
        "heightstr": "55",
        "qwidth": 77,
        "qheight": 55,
        "imgLink": "https://ids.si.edu/ids/deliveryService?id=SAAM-2016.5.35_1",
        "type": "Decorative arts"
    },
    {
        "id": "ld1-1643381040022-1643381068944-0",
        "title": "Untitled (Asymmetrical Strips)",
        "link": "http://n2t.net/ark:/65665/vk7aa4c7df4-c786-4d5a-9f44-81387f8bda9f",
        "decade": 1940,
        "date": "1940s",
        "size": "77 × 57 1/2 in. (195.6 × 146.1 cm)",
        "widthstr": "77",
        "heightstr": "57 1/2",
        "qwidth": 77,
        "qheight": 57,
        "imgLink": "https://ids.si.edu/ids/deliveryService?id=SAAM-2016.5.2_1",
        "type": "Decorative arts"
    },
    {
        "id": "ld1-1643381040022-1643381068955-0",
        "title": "Untitled (Bars Variation)",
        "link": "http://n2t.net/ark:/65665/vk73719b767-885d-412b-a9b6-bca867f1f660",
        "decade": 1940,
        "date": "1930s - 1940s",
        "size": "79 × 72 in. (200.7 × 182.9 cm)",
        "widthstr": "79",
        "heightstr": "72",
        "qwidth": 79,
        "qheight": 72,
        "imgLink": "https://ids.si.edu/ids/deliveryService?id=SAAM-2016.5.7_1",
        "type": "Decorative arts"
    },
    {
        "id": "ld1-1643381040022-1643381068947-0",
        "title": "Untitled (Strips)",
        "link": "http://n2t.net/ark:/65665/vk73af0f097-b740-43d9-a513-2db55e369ac7",
        "decade": 1930,
        "date": "1930s",
        "size": "78 1/2 × 71 in. (199.4 × 180.3 cm)",
        "widthstr": "78",
        "heightstr": "71",
        "qwidth": 78,
        "qheight": 71,
        "imgLink": "https://ids.si.edu/ids/deliveryService?id=SAAM-2016.5.49_1",
        "type": "Decorative arts"
    },
    {
        "id": "ld1-1643381040022-1643381068950-0",
        "title": "Untitled (Cross)",
        "link": "http://n2t.net/ark:/65665/vk70ec0125a-15cd-4608-8371-5b82ee440ece",
        "decade": 1940,
        "date": "1930s - 1940s",
        "size": "75 × 65 in. (190.5 × 165.1 cm)",
        "widthstr": "75",
        "heightstr": "65",
        "qwidth": 75,
        "qheight": 65,
        "imgLink": "https://ids.si.edu/ids/deliveryService?id=SAAM-2016.5.18_1",
        "type": "Decorative arts"
    },
    {
        "id": "ld1-1643381040022-1643381068954-1",
        "title": "Untitled (Housetop)",
        "link": "http://n2t.net/ark:/65665/vk7b285e2f7-7ce6-45a9-a196-a4768cc2c0e7",
        "decade": 1920,
        "date": "1920s",
        "size": "77 1/2 × 71 in. (196.9 × 180.3 cm)",
        "widthstr": "77",
        "heightstr": "71",
        "qwidth": 77,
        "qheight": 71,
        "imgLink": "https://ids.si.edu/ids/deliveryService?id=SAAM-2016.5.22_1",
        "type": "Decorative arts"
    },
    {
        "id": "ld1-1643381040022-1643381068961-0",
        "title": "Untitled (Housetop Variation)",
        "link": "http://n2t.net/ark:/65665/vk7f4073673-088c-413d-8e77-593a7da1fed2",
        "decade": 1920,
        "date": "1920s",
        "size": "72 × 62 in. (182.9 × 157.5 cm)",
        "widthstr": "72",
        "heightstr": "62",
        "qwidth": 72,
        "qheight": 62,
        "imgLink": "https://ids.si.edu/ids/deliveryService?id=SAAM-2016.5.21_1",
        "type": "Decorative arts"
    },
    {
        "id": "ld1-1643381040022-1643381068970-0",
        "title": "Untitled (Broken Stars)",
        "link": "http://n2t.net/ark:/65665/vk7ac83dde0-d43e-41b4-9127-265c8b986d3e",
        "decade": 1940,
        "date": "1940s",
        "size": "80 × 61 in. (203.2 × 154.9 cm)",
        "widthstr": "80",
        "heightstr": "61",
        "qwidth": 80,
        "qheight": 61,
        "imgLink": "https://ids.si.edu/ids/deliveryService?id=SAAM-2016.5.14_1",
        "type": "Decorative arts"
    },
    {
        "id": "ld1-1643381040022-1643381068970-1",
        "title": "Untitled (House)",
        "link": "http://n2t.net/ark:/65665/vk7213c8184-235b-44e4-99dc-a1410a1b835c",
        "decade": 1940,
        "date": "1930 - 1940",
        "size": "75 × 62 in. (190.5 × 157.5 cm), irregular",
        "widthstr": "75",
        "heightstr": "62",
        "qwidth": 75,
        "qheight": 62,
        "imgLink": "https://ids.si.edu/ids/deliveryService?id=SAAM-2016.5.20_1",
        "type": "Decorative arts"
    },
    {
        "id": "ld1-1643381040022-1643381068950-1",
        "title": "Untitled (Improvisational)",
        "link": "http://n2t.net/ark:/65665/vk7fe652097-aff4-47db-8fb8-ce5c2b0d541f",
        "decade": 1940,
        "date": "1930s - 1940s",
        "size": "87 × 67 in. (221.0 × 170.2 cm)",
        "widthstr": "87",
        "heightstr": "67",
        "qwidth": 87,
        "qheight": 67,
        "imgLink": "https://ids.si.edu/ids/deliveryService?id=SAAM-2016.5.23_1",
        "type": "Decorative arts"
    },
    {
        "id": "ld1-1643381040022-1643381068964-0",
        "title": "Untitled (Squares and Strips)",
        "link": "http://n2t.net/ark:/65665/vk712820690-ec10-4b34-865b-c32aa0e8187f",
        "decade": 1940,
        "date": "1930s - 1940s",
        "size": "80 × 57 in. (203.2 × 144.8 cm)",
        "widthstr": "80",
        "heightstr": "57",
        "qwidth": 80,
        "qheight": 57,
        "imgLink": "https://ids.si.edu/ids/deliveryService?id=SAAM-2016.5.31_1",
        "type": "Decorative arts"
    },
    {
        "id": "ld1-1643381040022-1643381068958-0",
        "title": "Untitled (Multiple Housetops)",
        "link": "http://n2t.net/ark:/65665/vk7e2851651-a830-48fc-b9b7-ff7759dc6cda",
        "decade": 1940,
        "date": "1940s",
        "size": "75 × 59 in. (190.5 × 149.9 cm)",
        "widthstr": "75",
        "heightstr": "59",
        "qwidth": 75,
        "qheight": 59,
        "imgLink": "https://ids.si.edu/ids/deliveryService?id=SAAM-2016.5.24_1",
        "type": "Decorative arts"
    },
    {
        "id": "ld1-1643381040022-1643381068963-0",
        "title": "Untitled (Bars and Triangles)",
        "link": "http://n2t.net/ark:/65665/vk7289b2418-a5bb-4fde-be1b-7108c3325e54",
        "decade": 1940,
        "date": "1940s",
        "size": "76 × 53 in. (193.0 × 134.6 cm)",
        "widthstr": "76",
        "heightstr": "53",
        "qwidth": 76,
        "qheight": 53,
        "imgLink": "https://ids.si.edu/ids/deliveryService?id=SAAM-2016.5.6_1",
        "type": "Decorative arts"
    },
    {
        "id": "ld1-1643381040022-1643381068951-1",
        "title": "Untitled (Tied)",
        "link": "http://n2t.net/ark:/65665/vk7919c753e-e1ed-490b-9602-12372263234f",
        "decade": 1930,
        "date": "1930s",
        "size": "84 × 70 in. (213.4 × 177.8 cm)",
        "widthstr": "84",
        "heightstr": "70",
        "qwidth": 84,
        "qheight": 70,
        "imgLink": "https://ids.si.edu/ids/deliveryService?id=SAAM-2016.5.51_1",
        "type": "Decorative arts"
    },
    {
        "id": "ld1-1643381040022-1643381068949-1",
        "title": "Untitled (Pine Burr)",
        "link": "http://n2t.net/ark:/65665/vk75ac4adf8-80aa-45f6-8685-281d9eaef54b",
        "decade": 1930,
        "date": "1930s",
        "size": "68 × 72 in. (172.7 × 182.9 cm), irregular",
        "widthstr": "68",
        "heightstr": "72",
        "qwidth": 68,
        "qheight": 72,
        "imgLink": "https://ids.si.edu/ids/deliveryService?id=SAAM-2016.5.26_1",
        "type": "Decorative arts"
    },
    {
        "id": "ld1-1643381040022-1643381068948-1",
        "title": "Untitled (Star of Bethlehem)",
        "link": "http://n2t.net/ark:/65665/vk7f22f6694-2eaa-426d-bf21-993d1b9b53a6",
        "decade": 1940,
        "date": "1930s - 1940s",
        "size": "78 × 69 in. (198.1 × 175.3 cm)",
        "widthstr": "78",
        "heightstr": "69",
        "qwidth": 78,
        "qheight": 69,
        "imgLink": "https://ids.si.edu/ids/deliveryService?id=SAAM-2016.5.33_1",
        "type": "Decorative arts"
    },
    {
        "id": "ld1-1643381040022-1643381068968-0",
        "title": "Untitled (Contained Strips)",
        "link": "http://n2t.net/ark:/65665/vk7e44431ec-8f83-41c5-9230-7ae453de6376",
        "decade": 1940,
        "date": "1930s - 1940s",
        "size": "81 1/2 x 77 in. (207.0 × 195.6 cm)",
        "widthstr": "81",
        "heightstr": "77",
        "qwidth": 81,
        "qheight": 77,
        "imgLink": "https://ids.si.edu/ids/deliveryService?id=SAAM-2016.5.16_1",
        "type": "Decorative arts"
    },
    {
        "id": "ld1-1643381040022-1643381068967-0",
        "title": "Untitled (Squares and Diamonds or Nine Patch Interpretation)",
        "link": "http://n2t.net/ark:/65665/vk7d510a304-2c78-4dbf-9e9b-3cdf236b33fc",
        "decade": 1940,
        "date": "1940s",
        "size": "73 1/2 × 55 in. (186.7 × 139.7 cm)",
        "widthstr": "73",
        "heightstr": "55",
        "qwidth": 73,
        "qheight": 55,
        "imgLink": "https://ids.si.edu/ids/deliveryService?id=SAAM-2016.5.30_1",
        "type": "Decorative arts"
    },
    {
        "id": "ld1-1643381040022-1643381068960-0",
        "title": "Untitled (Strips and Squares)",
        "link": "http://n2t.net/ark:/65665/vk71c46993f-3a07-41ba-850b-9acaa84fcf22",
        "decade": 1940,
        "date": "1930s - 1940s",
        "size": "80 × 63 in. (203.2 × 160.0 cm)",
        "widthstr": "80",
        "heightstr": "63",
        "qwidth": 80,
        "qheight": 63,
        "imgLink": "https://ids.si.edu/ids/deliveryService?id=SAAM-2016.5.46_1",
        "type": "Decorative arts"
    },
    {
        "id": "ld1-1643381040022-1643381068954-0",
        "title": "Untitled (Railroad Crossing Variation)",
        "link": "http://n2t.net/ark:/65665/vk7c169ddce-c1e4-404d-8bbe-45a43a40affd",
        "decade": 1940,
        "date": "1930s - 1940s",
        "size": "79 × 65 1/2 in. (200.7 × 166.4 cm)",
        "widthstr": "79",
        "heightstr": "65 1/2",
        "qwidth": 79,
        "qheight": 65,
        "imgLink": "https://ids.si.edu/ids/deliveryService?id=SAAM-2016.5.28_1",
        "type": "Decorative arts"
    },
    {
        "id": "ld1-1643381040022-1643381068945-1",
        "title": "Untitled (Triangles and Center Medallion)",
        "link": "http://n2t.net/ark:/65665/vk78bbb00fe-d925-4f6f-bdc9-555bda455b3d",
        "decade": 1940,
        "date": "1940s",
        "size": "78 × 70 in. (198.1 × 177.8 cm)",
        "widthstr": "78",
        "heightstr": "70",
        "qwidth": 78,
        "qheight": 70,
        "imgLink": "https://ids.si.edu/ids/deliveryService?id=SAAM-2016.5.52_1",
        "type": "Decorative arts"
    },
    {
        "id": "ld1-1643381040022-1643381068944-1",
        "title": "Untitled (Bars and Blocks)",
        "link": "http://n2t.net/ark:/65665/vk75365c14c-5719-4e95-a0dd-247f38438757",
        "decade": 1940,
        "date": "1940s-1950s",
        "size": "84 × 66 in. (213.4 × 167.6 cm)",
        "widthstr": "84",
        "heightstr": "66",
        "qwidth": 84,
        "qheight": 66,
        "imgLink": "https://ids.si.edu/ids/deliveryService?id=SAAM-2016.5.3_1",
        "type": "Decorative arts"
    },
    {
        "id": "ld1-1643381040022-1643381068949-0",
        "title": "Untitled (Strips of Work Clothes: Double-sided)",
        "link": "http://n2t.net/ark:/65665/vk76eb36a1c-6125-431e-8671-64e1073ba83f",
        "decade": 1940,
        "date": "1940s",
        "size": "82 × 66 in. (208.3 × 167.6 cm), irregular",
        "widthstr": "82",
        "heightstr": "66",
        "qwidth": 82,
        "qheight": 66,
        "imgLink": "https://ids.si.edu/ids/deliveryService?id=SAAM-2016.5.47_1",
        "type": "Decorative arts"
    },
    {
        "id": "ld1-1643381040022-1643381068966-1",
        "title": "Untitled (Squares and Strips, Tied)",
        "link": "http://n2t.net/ark:/65665/vk70062384a-c9cd-40c5-838a-b6811e5de56f",
        "decade": 1940,
        "date": "1930s - 1940s",
        "size": "69 × 67 in. (175.3 × 170.2 cm)",
        "widthstr": "69",
        "heightstr": "67",
        "qwidth": 69,
        "qheight": 67,
        "imgLink": "https://ids.si.edu/ids/deliveryService?id=SAAM-2016.5.32_1",
        "type": "Decorative arts"
    },
    {
        "id": "ld1-1643381040022-1643381068943-0",
        "title": "Untitled (Strips with Triangles and Rectangles)",
        "link": "http://n2t.net/ark:/65665/vk7a5cf309e-723d-459f-8c0c-91091f3c3e1d",
        "decade": 1920,
        "date": "1920s",
        "size": "62 × 74 in. (157.5 × 188.0 cm)",
        "widthstr": "62",
        "heightstr": "74",
        "qwidth": 62,
        "qheight": 74,
        "imgLink": "https://ids.si.edu/ids/deliveryService?id=SAAM-2016.5.48_1",
        "type": "Decorative arts"
    },
    {
        "id": "ld1-1643381040022-1643381068952-1",
        "title": "Untitled (Bars and Strips)",
        "link": "http://n2t.net/ark:/65665/vk7620eaf1e-39ea-42b6-84a2-c8344282f333",
        "decade": 1930,
        "date": "1930s",
        "size": "78 × 66 1/2 in. (198.1 × 168.9 cm)",
        "widthstr": "78",
        "heightstr": "66 1/2",
        "qwidth": 78,
        "qheight": 66,
        "imgLink": "https://ids.si.edu/ids/deliveryService?id=SAAM-2016.5.5_1",
        "type": "Decorative arts"
    },
    {
        "id": "ld1-1643381040022-1643381068964-1",
        "title": "Untitled (Blocks and Bars)",
        "link": "http://n2t.net/ark:/65665/vk7c6a9e0a5-0d9a-4ebd-8d7d-e194bc9ddc68",
        "decade": 1940,
        "date": "1930s - 1940s",
        "size": "81 × 69 in. (205.7 × 175.3 cm)",
        "widthstr": "81",
        "heightstr": "69",
        "qwidth": 81,
        "qheight": 69,
        "imgLink": "https://ids.si.edu/ids/deliveryService?id=SAAM-2016.5.9_1",
        "type": "Decorative arts"
    },
    {
        "id": "ld1-1643381040022-1643381068942-0",
        "title": "Untitled (Window Pane)",
        "link": "http://n2t.net/ark:/65665/vk79b85dfda-3112-465e-bc13-485cee1a4ce4",
        "decade": 1930,
        "date": "1930s",
        "size": "74 × 50 in. (188.0 × 127.0 cm)",
        "widthstr": "74",
        "heightstr": "50",
        "qwidth": 74,
        "qheight": 50,
        "imgLink": "https://ids.si.edu/ids/deliveryService?id=SAAM-2016.5.56_1",
        "type": "Decorative arts"
    },
    {
        "id": "ld1-1643381040022-1643381068948-0",
        "title": "Untitled (Repeating X)",
        "link": "http://n2t.net/ark:/65665/vk702d2cf13-c194-4df5-8682-12e635ea37d9",
        "decade": 1940,
        "date": "1930s - 1940s",
        "size": "77 × 63 in. (195.6 × 160.0 cm)",
        "widthstr": "77",
        "heightstr": "63",
        "qwidth": 77,
        "qheight": 63,
        "imgLink": "https://ids.si.edu/ids/deliveryService?id=SAAM-2016.5.29_1",
        "type": "Decorative arts"
    },
    {
        "id": "ld1-1643381040022-1643381068957-0",
        "title": "Untitled (Blocks, Double-sided)",
        "link": "http://n2t.net/ark:/65665/vk7bd59837f-ff36-420e-8947-a413e2189947",
        "decade": 1920,
        "date": "1920s",
        "size": "73 × 65 in. (185.4 × 165.1 cm), irregular",
        "widthstr": "73",
        "heightstr": "65",
        "qwidth": 73,
        "qheight": 65,
        "imgLink": "https://ids.si.edu/ids/deliveryService?id=SAAM-2016.5.13_1",
        "type": "Decorative arts"
    },
    {
        "id": "ld1-1643381040022-1643381068959-1",
        "title": "Untitled (Center Square and Strip)",
        "link": "http://n2t.net/ark:/65665/vk7a3c37883-665d-4cb6-b955-5a588d33035d",
        "decade": 1940,
        "date": "1930s - 1940s",
        "size": "79 × 61 in. (200.7 × 154.9 cm)",
        "widthstr": "79",
        "heightstr": "61",
        "qwidth": 79,
        "qheight": 61,
        "imgLink": "https://ids.si.edu/ids/deliveryService?id=SAAM-2016.5.15_1",
        "type": "Decorative arts"
    }
]